{"cameraMode":{"drawMode":0,"name":"Shaded","section":"Shading Mode"},"sceneLighting":true,"audioPlay":false,"sceneViewState":{"m_AlwaysRefresh":false,"showFog":true,"showSkybox":false,"showFlares":true,"showImageEffects":true,"showParticleSystems":true,"showVisualEffectGraphs":true,"m_FxEnabled":true},"in2DMode":false,"pivot":{"x":-0.010999917984008789,"y":0.3730001449584961,"z":-0.0840001106262207},"rotation":{"x":-0.059793971478939059,"y":0.6589324474334717,"z":-0.052748821675777438,"w":-0.7481203675270081},"size":12.240915298461914,"orthographic":false}