{"cameraMode":{"drawMode":0,"name":"Shaded","section":"Shading Mode"},"sceneLighting":true,"audioPlay":false,"sceneViewState":{"m_AlwaysRefresh":false,"showFog":true,"showSkybox":false,"showFlares":true,"showImageEffects":true,"showParticleSystems":true,"showVisualEffectGraphs":true,"m_FxEnabled":true},"in2DMode":false,"pivot":{"x":-0.010999917984008789,"y":0.3730001449584961,"z":-0.0840001106262207},"rotation":{"x":0.2149375081062317,"y":0.6976578831672669,"z":-0.23337522149085999,"w":0.6425408124923706},"size":12.240915298461914,"orthographic":false}